{
    "visual_similarity": [
        0.749149556765903,
        0.7276726611295943,
        0.6980857223756991,
        0.6315386786131936,
        0.5972437105450437,
        0.5505352361094905,
        0.5423294352350242,
        0.5373991883663163,
        0.5014318209622597,
        0.48088846492268195,
        0.4692635579298063,
        0.4679692917806843,
        0.41535886676655764,
        0.3841537965206607,
        0.34370578994112666,
        0.3279661333839949
    ],
    "spatial_distance": [
        3.377551020408163,
        3.225127551020408,
        3.122448979591837,
        4.390022675736962,
        5.3979591836734695,
        5.463821892393321,
        5.922541743970315,
        5.892857142857143,
        6.27593537414966,
        6.577315541601256,
        6.669825072886297,
        6.876457725947522,
        7.627210884353741,
        7.668027210884354,
        8.24139030612245,
        8.646458583433374
    ],
    "embedding_similarity": [
        0.9530041309795818,
        0.94704737004881,
        0.9349281653052285,
        0.9354413673112723,
        0.9177388367908341,
        0.9060161860732289,
        0.8971217969684743,
        0.8837868940009146,
        0.8589148204393533,
        0.8509396585508643,
        0.8399117830760625,
        0.8411619614581672,
        0.8312182588844883,
        0.8611151983137845,
        0.9065234682009536,
        0.9356013511230393
    ],
    "layer_probabilities_gt": [
        0.00022706146410200745,
        0.0003925655619241297,
        0.0008488018647767603,
        0.0013028369285166264,
        0.0027648841496556997,
        0.006089224945753813,
        0.013550130650401115,
        0.029936810955405235,
        0.07353466749191284,
        0.13504748046398163,
        0.3987729251384735,
        0.7860934138298035,
        0.8094089031219482,
        0.8404597640037537,
        0.7522110342979431,
        0.7161465287208557
    ],
    "layer_is_correct_gt": [
        false,
        false,
        false,
        false,
        false,
        false,
        false,
        false,
        false,
        true,
        true,
        true,
        true,
        true,
        true,
        true
    ],
    "modularity": null,
    "predicted_class_idx_final": 207,
    "predicted_class_name_final": "golden retriever"
}